Long,Lat,Join_Count,TARGET_FID,osm_id2,addr_housename,addr_housenumber,addr_street,addr_city,addr_state,addr_postcode,addr_province,addr_country,addr_district,addr_subdistrict,addr_unit,amenity,attraction,bicycle,board_type,building,description,ele,information,name,opening_hours,operator,phone,source,tourism,website,zoo,Point_Count,NAZEV,KOD11_NAKI,KOD_91,UZOHMP,o_po,o_po_m,o_po_z,o_vek1_m0_14,o_vek1_m15_64,o_vek1_m65,o_vek1_mn,o_vek1_z0_14,o_vek1_z15_64,o_vek1_z65,o_vek1_zn,o_vek1_c0_14,o_vek1_c15_64,o_vek1_c65,o_vek1_cn,o_vek3_m0_4,o_vek3_m5_9,o_vek3_m10_14,o_vek3_m15_19,o_vek3_m20_24,o_vek3_m25_29,o_vek3_m30_34,o_vek3_m35_39,o_vek3_m40_44,o_vek3_m45_49,o_vek3_m50_54,o_vek3_m55_59,o_vek3_m60_64,o_vek3_m65_69,o_vek3_m70_74,o_vek3_m75,o_vek3_mn,o_vek3_z0_4,o_vek3_z5_9,o_vek3_z10_14,o_vek3_z15_19,o_vek3_z20_24,o_vek3_z25_29,o_vek3_z30_34,o_vek3_z35_39,o_vek3_z40_44,o_vek3_z45_49,o_vek3_z50_54,o_vek3_z55_59,o_vek3_z60_64,o_vek3_z65_69,o_vek3_z70_74,o_vek3_z75,o_vek3_zn,o_vek3_c0_4,o_vek3_c5_9,o_vek3_c10_14,o_vek3_c15_19,o_vek3_c20_24,o_vek3_c25_29,o_vek3_c30_34,o_vek3_c35_39,o_vek3_c40_44,o_vek3_c45_49,o_vek3_c50_54,o_vek3_c55_59,o_vek3_c60_64,o_vek3_c65_69,o_vek3_c70_74,o_vek3_c75,o_vek3_cn,o_rs_m_sv,o_rs_m_ze,o_rs_m_rv,o_rs_m_o,o_rs_m_n,o_rs_z_sv,o_rs_z_ze,o_rs_z_rv,o_rs_z_o,o_rs_z_n,o_rs_sv,o_rs_ze,o_rs_rv,o_rs_o,o_rs_n,o_vz_m_bez,o_vz_m_zs,o_vz_m_ssb,o_vz_m_ssm,o_vz_m_vos,o_vz_m_vs,o_vz_m_n,o_vz_z_bez,o_vz_z_zs,o_vz_z_ssb,o_vz_z_ssm,o_vz_z_vos,o_vz_z_vs,o_vz_z_n,o_vz_bez,o_vz_zs,o_vz_ssb,o_vz_ssm,o_vz_vos,o_vz_vs,o_vz_n,o_nar_ces,o_nar_slo,o_nar_mad,o_nar_nem,o_nar_pol,o_nar_ruk,o_nar_jin,o_nar_nez,o_nar2_ces,o_nar2_mor,o_nar2_sle,o_nar2_slo,o_nar2_mad,o_nar2_nem,o_nar2_pol,o_nar2_rom,o_nar2_rus,o_nar2_ukr,o_nar2_vie,o_nar2_jin,o_nar2_nez,o_nab_vbe,o_nab_ver,o_nab_csl,o_nab_kat,o_nab_pra,o_nab_eva,o_nab_jin,o_nab_bez,o_nab_nez,o_nab2_vbe,o_nab2_adv,o_nab2_csl,o_nab2_kat,o_nab2_ecb,o_nab2_jeh,o_nab2_pra,o_nab2_eos,o_nab2_stk,o_nab2_bez,o_nab2_nez,o_ek1_p,o_ek1_s,o_ek1_t,o_ek1_bez,o_ek2_p,o_ek2_s_pru,o_ek2_s_sta,o_ek2_t_dop,o_ek2_t_obc,o_ek2_t_ver,o_ek2_t_sko,o_ek2_t_ost,o_ek2_bez,o_rod_m,o_rod_z,o_rod,o_bydl_1_m,o_bydl_1_z,o_bydl_1,b_domy_p,b_byt_p,b_domy_trv,b_byt_trv,b_obyt_pl,AnalysisArea
14.35517459981554,50.03605399934486,1,54479458,1419597154,,,,,,,,,,,,,,,,,,,,kamenné sochy,,,,,attraction,,,5,Praha 5,113105,3105,051,181522.0,88337.0,93185.0,12360.0,66285.0,9167.0,525.0,11820.0,68268.0,12707.0,390.0,24180.0,134553.0,21874.0,915.0,5247.0,3817.0,3296.0,4709.0,6646.0,8106.0,8982.0,8267.0,6526.0,6433.0,5780.0,5720.0,5116.0,3819.0,2073.0,3275.0,525.0,5002.0,3637.0,3181.0,4578.0,6630.0,8182.0,8829.0,8098.0,6842.0,6999.0,6032.0,6194.0,5884.0,4476.0,2484.0,5747.0,390.0,10249.0,7454.0,6477.0,9287.0,13276.0,16288.0,17811.0,16365.0,13368.0,13432.0,11812.0,11914.0,11000.0,8295.0,4557.0,9022.0,915.0,41863.0,36883.0,7568.0,1473.0,550.0,37261.0,36195.0,11976.0,7466.0,287.0,79124.0,73078.0,19544.0,8939.0,837.0,211.0,7124.0,16401.0,19770.0,3003.0,20155.0,21673.0,162.0,9374.0,13155.0,26921.0,5362.0,19494.0,18717.0,373.0,16498.0,29556.0,46691.0,8365.0,39649.0,40390.0,116502.0,3424.0,221.0,250.0,223.0,6199.0,5830.0,48873.0,115955.0,516.0,31.0,3424.0,221.0,250.0,223.0,72.0,2432.0,3767.0,493.0,5265.0,48873.0,14301.0,19422.0,761.0,10943.0,1204.0,835.0,391.0,67884.0,79872.0,14301.0,137.0,761.0,10943.0,820.0,211.0,1204.0,15.0,43.0,67884.0,79872.0,371.0,13422.0,61595.0,13830.0,371.0,7937.0,5485.0,11253.0,18362.0,6302.0,11734.0,13944.0,13830.0,45607.0,46483.0,92090.0,59382.0,64419.0,123801.0,16499.0,80461.0,15212.0,73728.0,3844856.0,39.22096413
14.40108380011442,50.06555799917564,1,54497829,5702060124,,,,,,,,,,,,,,,,,,,,,,,,,attraction,,,5,Praha 5,113105,3105,051,181522.0,88337.0,93185.0,12360.0,66285.0,9167.0,525.0,11820.0,68268.0,12707.0,390.0,24180.0,134553.0,21874.0,915.0,5247.0,3817.0,3296.0,4709.0,6646.0,8106.0,8982.0,8267.0,6526.0,6433.0,5780.0,5720.0,5116.0,3819.0,2073.0,3275.0,525.0,5002.0,3637.0,3181.0,4578.0,6630.0,8182.0,8829.0,8098.0,6842.0,6999.0,6032.0,6194.0,5884.0,4476.0,2484.0,5747.0,390.0,10249.0,7454.0,6477.0,9287.0,13276.0,16288.0,17811.0,16365.0,13368.0,13432.0,11812.0,11914.0,11000.0,8295.0,4557.0,9022.0,915.0,41863.0,36883.0,7568.0,1473.0,550.0,37261.0,36195.0,11976.0,7466.0,287.0,79124.0,73078.0,19544.0,8939.0,837.0,211.0,7124.0,16401.0,19770.0,3003.0,20155.0,21673.0,162.0,9374.0,13155.0,26921.0,5362.0,19494.0,18717.0,373.0,16498.0,29556.0,46691.0,8365.0,39649.0,40390.0,116502.0,3424.0,221.0,250.0,223.0,6199.0,5830.0,48873.0,115955.0,516.0,31.0,3424.0,221.0,250.0,223.0,72.0,2432.0,3767.0,493.0,5265.0,48873.0,14301.0,19422.0,761.0,10943.0,1204.0,835.0,391.0,67884.0,79872.0,14301.0,137.0,761.0,10943.0,820.0,211.0,1204.0,15.0,43.0,67884.0,79872.0,371.0,13422.0,61595.0,13830.0,371.0,7937.0,5485.0,11253.0,18362.0,6302.0,11734.0,13944.0,13830.0,45607.0,46483.0,92090.0,59382.0,64419.0,123801.0,16499.0,80461.0,15212.0,73728.0,3844856.0,39.22096413
14.391512900244098,50.089250899571034,1,54502758,3408716566,,,,,,,,,,,,,,,,,,,,Loretánská zvonohra,,,,,attraction,,,0,Praha 1,113101,3101,019,30559.0,15283.0,15276.0,1238.0,11776.0,1848.0,421.0,1153.0,11185.0,2746.0,192.0,2391.0,22961.0,4594.0,613.0,521.0,367.0,350.0,648.0,1140.0,1444.0,1538.0,1452.0,1223.0,1136.0,995.0,1137.0,1063.0,774.0,362.0,712.0,421.0,488.0,326.0,339.0,651.0,1170.0,1419.0,1363.0,1204.0,1018.0,1047.0,1049.0,1156.0,1108.0,824.0,493.0,1429.0,192.0,1009.0,693.0,689.0,1299.0,2310.0,2863.0,2901.0,2656.0,2241.0,2183.0,2044.0,2293.0,2171.0,1598.0,855.0,2141.0,613.0,6276.0,4748.0,1473.0,298.0,2488.0,5468.0,4375.0,1931.0,1549.0,1953.0,11744.0,9123.0,3404.0,1847.0,4441.0,26.0,779.0,1858.0,2929.0,520.0,3440.0,5731.0,23.0,1037.0,1639.0,3773.0,847.0,3342.0,4615.0,49.0,1816.0,3497.0,6702.0,1367.0,6782.0,10346.0,15455.0,429.0,31.0,48.0,42.0,576.0,1461.0,12517.0,15369.0,80.0,6.0,429.0,31.0,48.0,42.0,10.0,259.0,317.0,74.0,1377.0,12517.0,2388.0,3694.0,130.0,2114.0,120.0,216.0,51.0,7643.0,16821.0,2388.0,10.0,130.0,2114.0,213.0,26.0,120.0,3.0,15.0,7643.0,16821.0,44.0,1189.0,8153.0,2843.0,44.0,745.0,444.0,1272.0,2182.0,848.0,1653.0,2198.0,2843.0,6005.0,6050.0,12055.0,7792.0,8377.0,16169.0,2105.0,15361.0,1953.0,12170.0,625594.0,2.1373951
14.407791300253717,50.08231699937701,1,54504839,3469042599,,,,,,,,,,,,,,,,,,,,Veršomat,,,,,attraction,,,0,Praha 1,113101,3101,019,30559.0,15283.0,15276.0,1238.0,11776.0,1848.0,421.0,1153.0,11185.0,2746.0,192.0,2391.0,22961.0,4594.0,613.0,521.0,367.0,350.0,648.0,1140.0,1444.0,1538.0,1452.0,1223.0,1136.0,995.0,1137.0,1063.0,774.0,362.0,712.0,421.0,488.0,326.0,339.0,651.0,1170.0,1419.0,1363.0,1204.0,1018.0,1047.0,1049.0,1156.0,1108.0,824.0,493.0,1429.0,192.0,1009.0,693.0,689.0,1299.0,2310.0,2863.0,2901.0,2656.0,2241.0,2183.0,2044.0,2293.0,2171.0,1598.0,855.0,2141.0,613.0,6276.0,4748.0,1473.0,298.0,2488.0,5468.0,4375.0,1931.0,1549.0,1953.0,11744.0,9123.0,3404.0,1847.0,4441.0,26.0,779.0,1858.0,2929.0,520.0,3440.0,5731.0,23.0,1037.0,1639.0,3773.0,847.0,3342.0,4615.0,49.0,1816.0,3497.0,6702.0,1367.0,6782.0,10346.0,15455.0,429.0,31.0,48.0,42.0,576.0,1461.0,12517.0,15369.0,80.0,6.0,429.0,31.0,48.0,42.0,10.0,259.0,317.0,74.0,1377.0,12517.0,2388.0,3694.0,130.0,2114.0,120.0,216.0,51.0,7643.0,16821.0,2388.0,10.0,130.0,2114.0,213.0,26.0,120.0,3.0,15.0,7643.0,16821.0,44.0,1189.0,8153.0,2843.0,44.0,745.0,444.0,1272.0,2182.0,848.0,1653.0,2198.0,2843.0,6005.0,6050.0,12055.0,7792.0,8377.0,16169.0,2105.0,15361.0,1953.0,12170.0,625594.0,2.1373951
14.403550800260062,50.08579339920098,1,54504941,3494996328,,,,,,,,,,,,,,,,,,,,Pražské Jezulátko,,,,,attraction,https://www.pragjesu.cz/,,0,Praha 1,113101,3101,019,30559.0,15283.0,15276.0,1238.0,11776.0,1848.0,421.0,1153.0,11185.0,2746.0,192.0,2391.0,22961.0,4594.0,613.0,521.0,367.0,350.0,648.0,1140.0,1444.0,1538.0,1452.0,1223.0,1136.0,995.0,1137.0,1063.0,774.0,362.0,712.0,421.0,488.0,326.0,339.0,651.0,1170.0,1419.0,1363.0,1204.0,1018.0,1047.0,1049.0,1156.0,1108.0,824.0,493.0,1429.0,192.0,1009.0,693.0,689.0,1299.0,2310.0,2863.0,2901.0,2656.0,2241.0,2183.0,2044.0,2293.0,2171.0,1598.0,855.0,2141.0,613.0,6276.0,4748.0,1473.0,298.0,2488.0,5468.0,4375.0,1931.0,1549.0,1953.0,11744.0,9123.0,3404.0,1847.0,4441.0,26.0,779.0,1858.0,2929.0,520.0,3440.0,5731.0,23.0,1037.0,1639.0,3773.0,847.0,3342.0,4615.0,49.0,1816.0,3497.0,6702.0,1367.0,6782.0,10346.0,15455.0,429.0,31.0,48.0,42.0,576.0,1461.0,12517.0,15369.0,80.0,6.0,429.0,31.0,48.0,42.0,10.0,259.0,317.0,74.0,1377.0,12517.0,2388.0,3694.0,130.0,2114.0,120.0,216.0,51.0,7643.0,16821.0,2388.0,10.0,130.0,2114.0,213.0,26.0,120.0,3.0,15.0,7643.0,16821.0,44.0,1189.0,8153.0,2843.0,44.0,745.0,444.0,1272.0,2182.0,848.0,1653.0,2198.0,2843.0,6005.0,6050.0,12055.0,7792.0,8377.0,16169.0,2105.0,15361.0,1953.0,12170.0,625594.0,2.1373951
14.410880799653599,50.08659079970759,1,54505238,4007057285,,,,,,,,,,,,,,,,,,,,Svržení Jana Nepomuckého z mostu,,,,,attraction,,,0,Praha 1,113101,3101,019,30559.0,15283.0,15276.0,1238.0,11776.0,1848.0,421.0,1153.0,11185.0,2746.0,192.0,2391.0,22961.0,4594.0,613.0,521.0,367.0,350.0,648.0,1140.0,1444.0,1538.0,1452.0,1223.0,1136.0,995.0,1137.0,1063.0,774.0,362.0,712.0,421.0,488.0,326.0,339.0,651.0,1170.0,1419.0,1363.0,1204.0,1018.0,1047.0,1049.0,1156.0,1108.0,824.0,493.0,1429.0,192.0,1009.0,693.0,689.0,1299.0,2310.0,2863.0,2901.0,2656.0,2241.0,2183.0,2044.0,2293.0,2171.0,1598.0,855.0,2141.0,613.0,6276.0,4748.0,1473.0,298.0,2488.0,5468.0,4375.0,1931.0,1549.0,1953.0,11744.0,9123.0,3404.0,1847.0,4441.0,26.0,779.0,1858.0,2929.0,520.0,3440.0,5731.0,23.0,1037.0,1639.0,3773.0,847.0,3342.0,4615.0,49.0,1816.0,3497.0,6702.0,1367.0,6782.0,10346.0,15455.0,429.0,31.0,48.0,42.0,576.0,1461.0,12517.0,15369.0,80.0,6.0,429.0,31.0,48.0,42.0,10.0,259.0,317.0,74.0,1377.0,12517.0,2388.0,3694.0,130.0,2114.0,120.0,216.0,51.0,7643.0,16821.0,2388.0,10.0,130.0,2114.0,213.0,26.0,120.0,3.0,15.0,7643.0,16821.0,44.0,1189.0,8153.0,2843.0,44.0,745.0,444.0,1272.0,2182.0,848.0,1653.0,2198.0,2843.0,6005.0,6050.0,12055.0,7792.0,8377.0,16169.0,2105.0,15361.0,1953.0,12170.0,625594.0,2.1373951
14.399619000025641,50.088511699452724,1,54505721,5357354831,,,,,,,,,,,,,,,,,,,,Nerudova,,,,,attraction,,,0,Praha 1,113101,3101,019,30559.0,15283.0,15276.0,1238.0,11776.0,1848.0,421.0,1153.0,11185.0,2746.0,192.0,2391.0,22961.0,4594.0,613.0,521.0,367.0,350.0,648.0,1140.0,1444.0,1538.0,1452.0,1223.0,1136.0,995.0,1137.0,1063.0,774.0,362.0,712.0,421.0,488.0,326.0,339.0,651.0,1170.0,1419.0,1363.0,1204.0,1018.0,1047.0,1049.0,1156.0,1108.0,824.0,493.0,1429.0,192.0,1009.0,693.0,689.0,1299.0,2310.0,2863.0,2901.0,2656.0,2241.0,2183.0,2044.0,2293.0,2171.0,1598.0,855.0,2141.0,613.0,6276.0,4748.0,1473.0,298.0,2488.0,5468.0,4375.0,1931.0,1549.0,1953.0,11744.0,9123.0,3404.0,1847.0,4441.0,26.0,779.0,1858.0,2929.0,520.0,3440.0,5731.0,23.0,1037.0,1639.0,3773.0,847.0,3342.0,4615.0,49.0,1816.0,3497.0,6702.0,1367.0,6782.0,10346.0,15455.0,429.0,31.0,48.0,42.0,576.0,1461.0,12517.0,15369.0,80.0,6.0,429.0,31.0,48.0,42.0,10.0,259.0,317.0,74.0,1377.0,12517.0,2388.0,3694.0,130.0,2114.0,120.0,216.0,51.0,7643.0,16821.0,2388.0,10.0,130.0,2114.0,213.0,26.0,120.0,3.0,15.0,7643.0,16821.0,44.0,1189.0,8153.0,2843.0,44.0,745.0,444.0,1272.0,2182.0,848.0,1653.0,2198.0,2843.0,6005.0,6050.0,12055.0,7792.0,8377.0,16169.0,2105.0,15361.0,1953.0,12170.0,625594.0,2.1373951
14.398180100163103,50.08950309957946,1,54505897,6460401787,,,,,,,,,,,,,,,,,,,,,,,,,attraction,,,0,Praha 1,113101,3101,019,30559.0,15283.0,15276.0,1238.0,11776.0,1848.0,421.0,1153.0,11185.0,2746.0,192.0,2391.0,22961.0,4594.0,613.0,521.0,367.0,350.0,648.0,1140.0,1444.0,1538.0,1452.0,1223.0,1136.0,995.0,1137.0,1063.0,774.0,362.0,712.0,421.0,488.0,326.0,339.0,651.0,1170.0,1419.0,1363.0,1204.0,1018.0,1047.0,1049.0,1156.0,1108.0,824.0,493.0,1429.0,192.0,1009.0,693.0,689.0,1299.0,2310.0,2863.0,2901.0,2656.0,2241.0,2183.0,2044.0,2293.0,2171.0,1598.0,855.0,2141.0,613.0,6276.0,4748.0,1473.0,298.0,2488.0,5468.0,4375.0,1931.0,1549.0,1953.0,11744.0,9123.0,3404.0,1847.0,4441.0,26.0,779.0,1858.0,2929.0,520.0,3440.0,5731.0,23.0,1037.0,1639.0,3773.0,847.0,3342.0,4615.0,49.0,1816.0,3497.0,6702.0,1367.0,6782.0,10346.0,15455.0,429.0,31.0,48.0,42.0,576.0,1461.0,12517.0,15369.0,80.0,6.0,429.0,31.0,48.0,42.0,10.0,259.0,317.0,74.0,1377.0,12517.0,2388.0,3694.0,130.0,2114.0,120.0,216.0,51.0,7643.0,16821.0,2388.0,10.0,130.0,2114.0,213.0,26.0,120.0,3.0,15.0,7643.0,16821.0,44.0,1189.0,8153.0,2843.0,44.0,745.0,444.0,1272.0,2182.0,848.0,1653.0,2198.0,2843.0,6005.0,6050.0,12055.0,7792.0,8377.0,16169.0,2105.0,15361.0,1953.0,12170.0,625594.0,2.1373951
14.398751399937709,50.089892499249665,1,54505902,1039425523,,,,,,,,,,,,,,,,,,,,Matyášova brána,,,,,attraction,,,0,Praha 1,113101,3101,019,30559.0,15283.0,15276.0,1238.0,11776.0,1848.0,421.0,1153.0,11185.0,2746.0,192.0,2391.0,22961.0,4594.0,613.0,521.0,367.0,350.0,648.0,1140.0,1444.0,1538.0,1452.0,1223.0,1136.0,995.0,1137.0,1063.0,774.0,362.0,712.0,421.0,488.0,326.0,339.0,651.0,1170.0,1419.0,1363.0,1204.0,1018.0,1047.0,1049.0,1156.0,1108.0,824.0,493.0,1429.0,192.0,1009.0,693.0,689.0,1299.0,2310.0,2863.0,2901.0,2656.0,2241.0,2183.0,2044.0,2293.0,2171.0,1598.0,855.0,2141.0,613.0,6276.0,4748.0,1473.0,298.0,2488.0,5468.0,4375.0,1931.0,1549.0,1953.0,11744.0,9123.0,3404.0,1847.0,4441.0,26.0,779.0,1858.0,2929.0,520.0,3440.0,5731.0,23.0,1037.0,1639.0,3773.0,847.0,3342.0,4615.0,49.0,1816.0,3497.0,6702.0,1367.0,6782.0,10346.0,15455.0,429.0,31.0,48.0,42.0,576.0,1461.0,12517.0,15369.0,80.0,6.0,429.0,31.0,48.0,42.0,10.0,259.0,317.0,74.0,1377.0,12517.0,2388.0,3694.0,130.0,2114.0,120.0,216.0,51.0,7643.0,16821.0,2388.0,10.0,130.0,2114.0,213.0,26.0,120.0,3.0,15.0,7643.0,16821.0,44.0,1189.0,8153.0,2843.0,44.0,745.0,444.0,1272.0,2182.0,848.0,1653.0,2198.0,2843.0,6005.0,6050.0,12055.0,7792.0,8377.0,16169.0,2105.0,15361.0,1953.0,12170.0,625594.0,2.1373951
14.398138899830892,50.09030989957518,1,54505913,6013958588,,,,,,,,,,,,,,,,,,,,Plečnikova Pyramida,,,,,attraction,,,0,Praha 1,113101,3101,019,30559.0,15283.0,15276.0,1238.0,11776.0,1848.0,421.0,1153.0,11185.0,2746.0,192.0,2391.0,22961.0,4594.0,613.0,521.0,367.0,350.0,648.0,1140.0,1444.0,1538.0,1452.0,1223.0,1136.0,995.0,1137.0,1063.0,774.0,362.0,712.0,421.0,488.0,326.0,339.0,651.0,1170.0,1419.0,1363.0,1204.0,1018.0,1047.0,1049.0,1156.0,1108.0,824.0,493.0,1429.0,192.0,1009.0,693.0,689.0,1299.0,2310.0,2863.0,2901.0,2656.0,2241.0,2183.0,2044.0,2293.0,2171.0,1598.0,855.0,2141.0,613.0,6276.0,4748.0,1473.0,298.0,2488.0,5468.0,4375.0,1931.0,1549.0,1953.0,11744.0,9123.0,3404.0,1847.0,4441.0,26.0,779.0,1858.0,2929.0,520.0,3440.0,5731.0,23.0,1037.0,1639.0,3773.0,847.0,3342.0,4615.0,49.0,1816.0,3497.0,6702.0,1367.0,6782.0,10346.0,15455.0,429.0,31.0,48.0,42.0,576.0,1461.0,12517.0,15369.0,80.0,6.0,429.0,31.0,48.0,42.0,10.0,259.0,317.0,74.0,1377.0,12517.0,2388.0,3694.0,130.0,2114.0,120.0,216.0,51.0,7643.0,16821.0,2388.0,10.0,130.0,2114.0,213.0,26.0,120.0,3.0,15.0,7643.0,16821.0,44.0,1189.0,8153.0,2843.0,44.0,745.0,444.0,1272.0,2182.0,848.0,1653.0,2198.0,2843.0,6005.0,6050.0,12055.0,7792.0,8377.0,16169.0,2105.0,15361.0,1953.0,12170.0,625594.0,2.1373951
14.400380599808333,50.09032309950103,1,54505989,1200986338,,,,,,,,,,,,,,,,,,,,svatý Jiří,,,,,attraction,,,0,Praha 1,113101,3101,019,30559.0,15283.0,15276.0,1238.0,11776.0,1848.0,421.0,1153.0,11185.0,2746.0,192.0,2391.0,22961.0,4594.0,613.0,521.0,367.0,350.0,648.0,1140.0,1444.0,1538.0,1452.0,1223.0,1136.0,995.0,1137.0,1063.0,774.0,362.0,712.0,421.0,488.0,326.0,339.0,651.0,1170.0,1419.0,1363.0,1204.0,1018.0,1047.0,1049.0,1156.0,1108.0,824.0,493.0,1429.0,192.0,1009.0,693.0,689.0,1299.0,2310.0,2863.0,2901.0,2656.0,2241.0,2183.0,2044.0,2293.0,2171.0,1598.0,855.0,2141.0,613.0,6276.0,4748.0,1473.0,298.0,2488.0,5468.0,4375.0,1931.0,1549.0,1953.0,11744.0,9123.0,3404.0,1847.0,4441.0,26.0,779.0,1858.0,2929.0,520.0,3440.0,5731.0,23.0,1037.0,1639.0,3773.0,847.0,3342.0,4615.0,49.0,1816.0,3497.0,6702.0,1367.0,6782.0,10346.0,15455.0,429.0,31.0,48.0,42.0,576.0,1461.0,12517.0,15369.0,80.0,6.0,429.0,31.0,48.0,42.0,10.0,259.0,317.0,74.0,1377.0,12517.0,2388.0,3694.0,130.0,2114.0,120.0,216.0,51.0,7643.0,16821.0,2388.0,10.0,130.0,2114.0,213.0,26.0,120.0,3.0,15.0,7643.0,16821.0,44.0,1189.0,8153.0,2843.0,44.0,745.0,444.0,1272.0,2182.0,848.0,1653.0,2198.0,2843.0,6005.0,6050.0,12055.0,7792.0,8377.0,16169.0,2105.0,15361.0,1953.0,12170.0,625594.0,2.1373951
14.398611100158298,50.093342599237964,1,54506194,5966902286,,,,,,,,,,,,,,,,,,,,,,,,,attraction,,,0,Praha 1,113101,3101,019,30559.0,15283.0,15276.0,1238.0,11776.0,1848.0,421.0,1153.0,11185.0,2746.0,192.0,2391.0,22961.0,4594.0,613.0,521.0,367.0,350.0,648.0,1140.0,1444.0,1538.0,1452.0,1223.0,1136.0,995.0,1137.0,1063.0,774.0,362.0,712.0,421.0,488.0,326.0,339.0,651.0,1170.0,1419.0,1363.0,1204.0,1018.0,1047.0,1049.0,1156.0,1108.0,824.0,493.0,1429.0,192.0,1009.0,693.0,689.0,1299.0,2310.0,2863.0,2901.0,2656.0,2241.0,2183.0,2044.0,2293.0,2171.0,1598.0,855.0,2141.0,613.0,6276.0,4748.0,1473.0,298.0,2488.0,5468.0,4375.0,1931.0,1549.0,1953.0,11744.0,9123.0,3404.0,1847.0,4441.0,26.0,779.0,1858.0,2929.0,520.0,3440.0,5731.0,23.0,1037.0,1639.0,3773.0,847.0,3342.0,4615.0,49.0,1816.0,3497.0,6702.0,1367.0,6782.0,10346.0,15455.0,429.0,31.0,48.0,42.0,576.0,1461.0,12517.0,15369.0,80.0,6.0,429.0,31.0,48.0,42.0,10.0,259.0,317.0,74.0,1377.0,12517.0,2388.0,3694.0,130.0,2114.0,120.0,216.0,51.0,7643.0,16821.0,2388.0,10.0,130.0,2114.0,213.0,26.0,120.0,3.0,15.0,7643.0,16821.0,44.0,1189.0,8153.0,2843.0,44.0,745.0,444.0,1272.0,2182.0,848.0,1653.0,2198.0,2843.0,6005.0,6050.0,12055.0,7792.0,8377.0,16169.0,2105.0,15361.0,1953.0,12170.0,625594.0,2.1373951
14.406515699736774,50.08929199930641,1,54506705,3136846192,,,,,,,,,,,,,,,,,,,,grotta,,,,,attraction,,,0,Praha 1,113101,3101,019,30559.0,15283.0,15276.0,1238.0,11776.0,1848.0,421.0,1153.0,11185.0,2746.0,192.0,2391.0,22961.0,4594.0,613.0,521.0,367.0,350.0,648.0,1140.0,1444.0,1538.0,1452.0,1223.0,1136.0,995.0,1137.0,1063.0,774.0,362.0,712.0,421.0,488.0,326.0,339.0,651.0,1170.0,1419.0,1363.0,1204.0,1018.0,1047.0,1049.0,1156.0,1108.0,824.0,493.0,1429.0,192.0,1009.0,693.0,689.0,1299.0,2310.0,2863.0,2901.0,2656.0,2241.0,2183.0,2044.0,2293.0,2171.0,1598.0,855.0,2141.0,613.0,6276.0,4748.0,1473.0,298.0,2488.0,5468.0,4375.0,1931.0,1549.0,1953.0,11744.0,9123.0,3404.0,1847.0,4441.0,26.0,779.0,1858.0,2929.0,520.0,3440.0,5731.0,23.0,1037.0,1639.0,3773.0,847.0,3342.0,4615.0,49.0,1816.0,3497.0,6702.0,1367.0,6782.0,10346.0,15455.0,429.0,31.0,48.0,42.0,576.0,1461.0,12517.0,15369.0,80.0,6.0,429.0,31.0,48.0,42.0,10.0,259.0,317.0,74.0,1377.0,12517.0,2388.0,3694.0,130.0,2114.0,120.0,216.0,51.0,7643.0,16821.0,2388.0,10.0,130.0,2114.0,213.0,26.0,120.0,3.0,15.0,7643.0,16821.0,44.0,1189.0,8153.0,2843.0,44.0,745.0,444.0,1272.0,2182.0,848.0,1653.0,2198.0,2843.0,6005.0,6050.0,12055.0,7792.0,8377.0,16169.0,2105.0,15361.0,1953.0,12170.0,625594.0,2.1373951
14.40953780033753,50.08792779951122,1,54507072,5899709285,,,,,,,,,,,,,,,,,,,,,,,,,attraction,,,0,Praha 1,113101,3101,019,30559.0,15283.0,15276.0,1238.0,11776.0,1848.0,421.0,1153.0,11185.0,2746.0,192.0,2391.0,22961.0,4594.0,613.0,521.0,367.0,350.0,648.0,1140.0,1444.0,1538.0,1452.0,1223.0,1136.0,995.0,1137.0,1063.0,774.0,362.0,712.0,421.0,488.0,326.0,339.0,651.0,1170.0,1419.0,1363.0,1204.0,1018.0,1047.0,1049.0,1156.0,1108.0,824.0,493.0,1429.0,192.0,1009.0,693.0,689.0,1299.0,2310.0,2863.0,2901.0,2656.0,2241.0,2183.0,2044.0,2293.0,2171.0,1598.0,855.0,2141.0,613.0,6276.0,4748.0,1473.0,298.0,2488.0,5468.0,4375.0,1931.0,1549.0,1953.0,11744.0,9123.0,3404.0,1847.0,4441.0,26.0,779.0,1858.0,2929.0,520.0,3440.0,5731.0,23.0,1037.0,1639.0,3773.0,847.0,3342.0,4615.0,49.0,1816.0,3497.0,6702.0,1367.0,6782.0,10346.0,15455.0,429.0,31.0,48.0,42.0,576.0,1461.0,12517.0,15369.0,80.0,6.0,429.0,31.0,48.0,42.0,10.0,259.0,317.0,74.0,1377.0,12517.0,2388.0,3694.0,130.0,2114.0,120.0,216.0,51.0,7643.0,16821.0,2388.0,10.0,130.0,2114.0,213.0,26.0,120.0,3.0,15.0,7643.0,16821.0,44.0,1189.0,8153.0,2843.0,44.0,745.0,444.0,1272.0,2182.0,848.0,1653.0,2198.0,2843.0,6005.0,6050.0,12055.0,7792.0,8377.0,16169.0,2105.0,15361.0,1953.0,12170.0,625594.0,2.1373951
14.409611299595747,50.08783239936262,1,54507074,6335018786,,,Vinárna Čertovka,,,,,,,,,,,,,,,,,Vinárna Čertovka,24/7,,,,attraction,,,0,Praha 1,113101,3101,019,30559.0,15283.0,15276.0,1238.0,11776.0,1848.0,421.0,1153.0,11185.0,2746.0,192.0,2391.0,22961.0,4594.0,613.0,521.0,367.0,350.0,648.0,1140.0,1444.0,1538.0,1452.0,1223.0,1136.0,995.0,1137.0,1063.0,774.0,362.0,712.0,421.0,488.0,326.0,339.0,651.0,1170.0,1419.0,1363.0,1204.0,1018.0,1047.0,1049.0,1156.0,1108.0,824.0,493.0,1429.0,192.0,1009.0,693.0,689.0,1299.0,2310.0,2863.0,2901.0,2656.0,2241.0,2183.0,2044.0,2293.0,2171.0,1598.0,855.0,2141.0,613.0,6276.0,4748.0,1473.0,298.0,2488.0,5468.0,4375.0,1931.0,1549.0,1953.0,11744.0,9123.0,3404.0,1847.0,4441.0,26.0,779.0,1858.0,2929.0,520.0,3440.0,5731.0,23.0,1037.0,1639.0,3773.0,847.0,3342.0,4615.0,49.0,1816.0,3497.0,6702.0,1367.0,6782.0,10346.0,15455.0,429.0,31.0,48.0,42.0,576.0,1461.0,12517.0,15369.0,80.0,6.0,429.0,31.0,48.0,42.0,10.0,259.0,317.0,74.0,1377.0,12517.0,2388.0,3694.0,130.0,2114.0,120.0,216.0,51.0,7643.0,16821.0,2388.0,10.0,130.0,2114.0,213.0,26.0,120.0,3.0,15.0,7643.0,16821.0,44.0,1189.0,8153.0,2843.0,44.0,745.0,444.0,1272.0,2182.0,848.0,1653.0,2198.0,2843.0,6005.0,6050.0,12055.0,7792.0,8377.0,16169.0,2105.0,15361.0,1953.0,12170.0,625594.0,2.1373951
14.384983299768727,50.10793089945993,1,54549812,330797518,,,,,,,,,,,,,,,,,,,,Zemní pyramidy,,,,,attraction,,,0,Praha 6,113106,3106,060,140791.0,67683.0,73108.0,8757.0,48737.0,9814.0,375.0,8209.0,49395.0,15206.0,298.0,16966.0,98132.0,25020.0,673.0,3667.0,2704.0,2386.0,3304.0,5919.0,6145.0,6462.0,5683.0,4364.0,4509.0,3874.0,4465.0,4012.0,3160.0,1967.0,4687.0,375.0,3413.0,2604.0,2192.0,3153.0,5534.0,6050.0,6452.0,5475.0,4430.0,4560.0,4113.0,4882.0,4746.0,3940.0,3006.0,8260.0,298.0,7080.0,5308.0,4578.0,6457.0,11453.0,12195.0,12914.0,11158.0,8794.0,9069.0,7987.0,9347.0,8758.0,7100.0,4973.0,12947.0,673.0,31855.0,27517.0,5763.0,1740.0,808.0,27976.0,27500.0,8725.0,8397.0,510.0,59831.0,55017.0,14488.0,10137.0,1318.0,99.0,4554.0,10759.0,15696.0,2317.0,18580.0,15678.0,99.0,6588.0,10005.0,21108.0,4250.0,17069.0,13989.0,198.0,11142.0,20764.0,36804.0,6567.0,35649.0,29667.0,92329.0,2573.0,139.0,154.0,173.0,2708.0,5241.0,37474.0,91839.0,461.0,29.0,2573.0,139.0,154.0,173.0,22.0,1130.0,1578.0,241.0,4978.0,37474.0,11634.0,17569.0,753.0,10584.0,716.0,1010.0,291.0,50840.0,60723.0,11634.0,65.0,753.0,10584.0,1001.0,183.0,716.0,9.0,43.0,50840.0,60723.0,302.0,8165.0,45887.0,10075.0,302.0,4968.0,3197.0,8630.0,11586.0,4980.0,9815.0,10876.0,10075.0,34442.0,35999.0,70441.0,45164.0,50246.0,95410.0,13409.0,64089.0,12404.0,58638.0,3084055.0,22.95602041
14.486711499559268,50.0259399995185,1,54607253,3190137288,,,,,,,,,,,,,,,,,,,,Dub Jaroslava Jíry,,,,,attraction,,,3,Praha 4,113104,3104,043,286600.0,137662.0,148938.0,16576.0,99742.0,20744.0,600.0,15932.0,102688.0,29807.0,511.0,32508.0,202430.0,50551.0,1111.0,7249.0,5028.0,4299.0,5913.0,9393.0,12579.0,14672.0,12127.0,8543.0,8443.0,7936.0,10039.0,10097.0,7810.0,4853.0,8081.0,600.0,7003.0,4788.0,4141.0,5847.0,9323.0,12391.0,13649.0,11315.0,8321.0,9283.0,9129.0,11831.0,11599.0,10049.0,6314.0,13444.0,511.0,14252.0,9816.0,8440.0,11760.0,18716.0,24970.0,28321.0,23442.0,16864.0,17726.0,17065.0,21870.0,21696.0,17859.0,11167.0,21525.0,1111.0,61889.0,58601.0,13114.0,3389.0,669.0,53754.0,58138.0,20493.0,16095.0,458.0,115643.0,116739.0,33607.0,19484.0,1127.0,347.0,10605.0,30393.0,33375.0,5079.0,30594.0,27269.0,245.0,15684.0,25917.0,46082.0,9122.0,27580.0,24308.0,592.0,26289.0,56310.0,79457.0,14201.0,58174.0,51577.0,194162.0,5137.0,338.0,192.0,362.0,5469.0,9526.0,71414.0,193256.0,859.0,47.0,5137.0,338.0,192.0,362.0,65.0,1347.0,4122.0,3310.0,6151.0,71414.0,22621.0,30554.0,1606.0,18129.0,1204.0,1644.0,645.0,110931.0,122462.0,22621.0,198.0,1606.0,18129.0,1628.0,383.0,1204.0,16.0,64.0,110931.0,122462.0,485.0,21756.0,95840.0,21212.0,485.0,13297.0,8459.0,18490.0,29587.0,9680.0,17534.0,20549.0,21212.0,74443.0,77062.0,151505.0,95756.0,105976.0,201732.0,19900.0,133495.0,18503.0,125660.0,6087444.0,30.63787172
14.487218900371106,50.02594339929887,1,54607267,3221929646,,,,,,,,,,,,,,,,,,,,Dub Miloslava Bureše,,,,,attraction,,,3,Praha 4,113104,3104,043,286600.0,137662.0,148938.0,16576.0,99742.0,20744.0,600.0,15932.0,102688.0,29807.0,511.0,32508.0,202430.0,50551.0,1111.0,7249.0,5028.0,4299.0,5913.0,9393.0,12579.0,14672.0,12127.0,8543.0,8443.0,7936.0,10039.0,10097.0,7810.0,4853.0,8081.0,600.0,7003.0,4788.0,4141.0,5847.0,9323.0,12391.0,13649.0,11315.0,8321.0,9283.0,9129.0,11831.0,11599.0,10049.0,6314.0,13444.0,511.0,14252.0,9816.0,8440.0,11760.0,18716.0,24970.0,28321.0,23442.0,16864.0,17726.0,17065.0,21870.0,21696.0,17859.0,11167.0,21525.0,1111.0,61889.0,58601.0,13114.0,3389.0,669.0,53754.0,58138.0,20493.0,16095.0,458.0,115643.0,116739.0,33607.0,19484.0,1127.0,347.0,10605.0,30393.0,33375.0,5079.0,30594.0,27269.0,245.0,15684.0,25917.0,46082.0,9122.0,27580.0,24308.0,592.0,26289.0,56310.0,79457.0,14201.0,58174.0,51577.0,194162.0,5137.0,338.0,192.0,362.0,5469.0,9526.0,71414.0,193256.0,859.0,47.0,5137.0,338.0,192.0,362.0,65.0,1347.0,4122.0,3310.0,6151.0,71414.0,22621.0,30554.0,1606.0,18129.0,1204.0,1644.0,645.0,110931.0,122462.0,22621.0,198.0,1606.0,18129.0,1628.0,383.0,1204.0,16.0,64.0,110931.0,122462.0,485.0,21756.0,95840.0,21212.0,485.0,13297.0,8459.0,18490.0,29587.0,9680.0,17534.0,20549.0,21212.0,74443.0,77062.0,151505.0,95756.0,105976.0,201732.0,19900.0,133495.0,18503.0,125660.0,6087444.0,30.63787172
14.487808499726352,50.02630089949033,1,54607409,1920935362,,,,,,,,,,,,,,,,,,,,,,,,,attraction,,,3,Praha 4,113104,3104,043,286600.0,137662.0,148938.0,16576.0,99742.0,20744.0,600.0,15932.0,102688.0,29807.0,511.0,32508.0,202430.0,50551.0,1111.0,7249.0,5028.0,4299.0,5913.0,9393.0,12579.0,14672.0,12127.0,8543.0,8443.0,7936.0,10039.0,10097.0,7810.0,4853.0,8081.0,600.0,7003.0,4788.0,4141.0,5847.0,9323.0,12391.0,13649.0,11315.0,8321.0,9283.0,9129.0,11831.0,11599.0,10049.0,6314.0,13444.0,511.0,14252.0,9816.0,8440.0,11760.0,18716.0,24970.0,28321.0,23442.0,16864.0,17726.0,17065.0,21870.0,21696.0,17859.0,11167.0,21525.0,1111.0,61889.0,58601.0,13114.0,3389.0,669.0,53754.0,58138.0,20493.0,16095.0,458.0,115643.0,116739.0,33607.0,19484.0,1127.0,347.0,10605.0,30393.0,33375.0,5079.0,30594.0,27269.0,245.0,15684.0,25917.0,46082.0,9122.0,27580.0,24308.0,592.0,26289.0,56310.0,79457.0,14201.0,58174.0,51577.0,194162.0,5137.0,338.0,192.0,362.0,5469.0,9526.0,71414.0,193256.0,859.0,47.0,5137.0,338.0,192.0,362.0,65.0,1347.0,4122.0,3310.0,6151.0,71414.0,22621.0,30554.0,1606.0,18129.0,1204.0,1644.0,645.0,110931.0,122462.0,22621.0,198.0,1606.0,18129.0,1628.0,383.0,1204.0,16.0,64.0,110931.0,122462.0,485.0,21756.0,95840.0,21212.0,485.0,13297.0,8459.0,18490.0,29587.0,9680.0,17534.0,20549.0,21212.0,74443.0,77062.0,151505.0,95756.0,105976.0,201732.0,19900.0,133495.0,18503.0,125660.0,6087444.0,30.63787172
14.487662200099194,50.02893549937652,1,54607414,2278082989,,,,,,,,,,,,,,,,,,,,Hraniční dub,,,,,attraction,,,3,Praha 4,113104,3104,043,286600.0,137662.0,148938.0,16576.0,99742.0,20744.0,600.0,15932.0,102688.0,29807.0,511.0,32508.0,202430.0,50551.0,1111.0,7249.0,5028.0,4299.0,5913.0,9393.0,12579.0,14672.0,12127.0,8543.0,8443.0,7936.0,10039.0,10097.0,7810.0,4853.0,8081.0,600.0,7003.0,4788.0,4141.0,5847.0,9323.0,12391.0,13649.0,11315.0,8321.0,9283.0,9129.0,11831.0,11599.0,10049.0,6314.0,13444.0,511.0,14252.0,9816.0,8440.0,11760.0,18716.0,24970.0,28321.0,23442.0,16864.0,17726.0,17065.0,21870.0,21696.0,17859.0,11167.0,21525.0,1111.0,61889.0,58601.0,13114.0,3389.0,669.0,53754.0,58138.0,20493.0,16095.0,458.0,115643.0,116739.0,33607.0,19484.0,1127.0,347.0,10605.0,30393.0,33375.0,5079.0,30594.0,27269.0,245.0,15684.0,25917.0,46082.0,9122.0,27580.0,24308.0,592.0,26289.0,56310.0,79457.0,14201.0,58174.0,51577.0,194162.0,5137.0,338.0,192.0,362.0,5469.0,9526.0,71414.0,193256.0,859.0,47.0,5137.0,338.0,192.0,362.0,65.0,1347.0,4122.0,3310.0,6151.0,71414.0,22621.0,30554.0,1606.0,18129.0,1204.0,1644.0,645.0,110931.0,122462.0,22621.0,198.0,1606.0,18129.0,1628.0,383.0,1204.0,16.0,64.0,110931.0,122462.0,485.0,21756.0,95840.0,21212.0,485.0,13297.0,8459.0,18490.0,29587.0,9680.0,17534.0,20549.0,21212.0,74443.0,77062.0,151505.0,95756.0,105976.0,201732.0,19900.0,133495.0,18503.0,125660.0,6087444.0,30.63787172
14.486490199589046,50.04671839967257,1,54613016,6820877493,,,,,,,,,,,,,,,,,,,,Spořilov,,,,,attraction,,,3,Praha 4,113104,3104,043,286600.0,137662.0,148938.0,16576.0,99742.0,20744.0,600.0,15932.0,102688.0,29807.0,511.0,32508.0,202430.0,50551.0,1111.0,7249.0,5028.0,4299.0,5913.0,9393.0,12579.0,14672.0,12127.0,8543.0,8443.0,7936.0,10039.0,10097.0,7810.0,4853.0,8081.0,600.0,7003.0,4788.0,4141.0,5847.0,9323.0,12391.0,13649.0,11315.0,8321.0,9283.0,9129.0,11831.0,11599.0,10049.0,6314.0,13444.0,511.0,14252.0,9816.0,8440.0,11760.0,18716.0,24970.0,28321.0,23442.0,16864.0,17726.0,17065.0,21870.0,21696.0,17859.0,11167.0,21525.0,1111.0,61889.0,58601.0,13114.0,3389.0,669.0,53754.0,58138.0,20493.0,16095.0,458.0,115643.0,116739.0,33607.0,19484.0,1127.0,347.0,10605.0,30393.0,33375.0,5079.0,30594.0,27269.0,245.0,15684.0,25917.0,46082.0,9122.0,27580.0,24308.0,592.0,26289.0,56310.0,79457.0,14201.0,58174.0,51577.0,194162.0,5137.0,338.0,192.0,362.0,5469.0,9526.0,71414.0,193256.0,859.0,47.0,5137.0,338.0,192.0,362.0,65.0,1347.0,4122.0,3310.0,6151.0,71414.0,22621.0,30554.0,1606.0,18129.0,1204.0,1644.0,645.0,110931.0,122462.0,22621.0,198.0,1606.0,18129.0,1628.0,383.0,1204.0,16.0,64.0,110931.0,122462.0,485.0,21756.0,95840.0,21212.0,485.0,13297.0,8459.0,18490.0,29587.0,9680.0,17534.0,20549.0,21212.0,74443.0,77062.0,151505.0,95756.0,105976.0,201732.0,19900.0,133495.0,18503.0,125660.0,6087444.0,30.63787172
14.417386099802185,50.06442329964476,1,54614198,297896659,,,,,,,,,,,,,,,,,,,,Vyšehrad,,,,,attraction,,,8,Praha 2,113102,3102,027,48773.0,23719.0,25054.0,2477.0,18280.0,2816.0,146.0,2432.0,18013.0,4506.0,103.0,4909.0,36293.0,7322.0,249.0,1063.0,764.0,650.0,1060.0,2061.0,2546.0,2729.0,2321.0,1716.0,1545.0,1311.0,1488.0,1503.0,1083.0,562.0,1171.0,146.0,1079.0,724.0,629.0,1102.0,2257.0,2547.0,2347.0,2013.0,1501.0,1401.0,1357.0,1745.0,1743.0,1368.0,742.0,2396.0,103.0,2142.0,1488.0,1279.0,2162.0,4318.0,5093.0,5076.0,4334.0,3217.0,2946.0,2668.0,3233.0,3246.0,2451.0,1304.0,3567.0,249.0,11919.0,8203.0,2374.0,472.0,751.0,10443.0,7855.0,3447.0,2528.0,781.0,22362.0,16058.0,5821.0,3000.0,1532.0,44.0,1545.0,3718.0,5176.0,925.0,5474.0,6837.0,36.0,2092.0,3357.0,6693.0,1498.0,5331.0,6047.0,80.0,3637.0,7075.0,11869.0,2423.0,10805.0,12884.0,27956.0,779.0,51.0,81.0,54.0,1101.0,2334.0,16417.0,27821.0,123.0,12.0,779.0,51.0,81.0,54.0,15.0,459.0,642.0,207.0,2112.0,16417.0,4410.0,5978.0,289.0,3354.0,233.0,354.0,130.0,14894.0,23478.0,4410.0,36.0,289.0,3354.0,350.0,87.0,233.0,4.0,7.0,14894.0,23478.0,85.0,2695.0,14908.0,4004.0,85.0,1684.0,1011.0,2801.0,4038.0,1050.0,3071.0,3948.0,4004.0,11187.0,11452.0,22639.0,14160.0,15399.0,29559.0,2248.0,24397.0,2201.0,21785.0,1067343.0,1.61580186
14.419142500218745,50.06431129931522,1,54614249,660103120,,,,,,,,,,,,,,,,,,,,Čertův sloup,,,,,attraction,,,8,Praha 2,113102,3102,027,48773.0,23719.0,25054.0,2477.0,18280.0,2816.0,146.0,2432.0,18013.0,4506.0,103.0,4909.0,36293.0,7322.0,249.0,1063.0,764.0,650.0,1060.0,2061.0,2546.0,2729.0,2321.0,1716.0,1545.0,1311.0,1488.0,1503.0,1083.0,562.0,1171.0,146.0,1079.0,724.0,629.0,1102.0,2257.0,2547.0,2347.0,2013.0,1501.0,1401.0,1357.0,1745.0,1743.0,1368.0,742.0,2396.0,103.0,2142.0,1488.0,1279.0,2162.0,4318.0,5093.0,5076.0,4334.0,3217.0,2946.0,2668.0,3233.0,3246.0,2451.0,1304.0,3567.0,249.0,11919.0,8203.0,2374.0,472.0,751.0,10443.0,7855.0,3447.0,2528.0,781.0,22362.0,16058.0,5821.0,3000.0,1532.0,44.0,1545.0,3718.0,5176.0,925.0,5474.0,6837.0,36.0,2092.0,3357.0,6693.0,1498.0,5331.0,6047.0,80.0,3637.0,7075.0,11869.0,2423.0,10805.0,12884.0,27956.0,779.0,51.0,81.0,54.0,1101.0,2334.0,16417.0,27821.0,123.0,12.0,779.0,51.0,81.0,54.0,15.0,459.0,642.0,207.0,2112.0,16417.0,4410.0,5978.0,289.0,3354.0,233.0,354.0,130.0,14894.0,23478.0,4410.0,36.0,289.0,3354.0,350.0,87.0,233.0,4.0,7.0,14894.0,23478.0,85.0,2695.0,14908.0,4004.0,85.0,1684.0,1011.0,2801.0,4038.0,1050.0,3071.0,3948.0,4004.0,11187.0,11452.0,22639.0,14160.0,15399.0,29559.0,2248.0,24397.0,2201.0,21785.0,1067343.0,1.61580186
14.420447100149683,50.071692499588096,1,54616976,6820877091,,,,,,,,,,,,,,,,,,,,Vyšehrad,,,,,attraction,,,8,Praha 2,113102,3102,027,48773.0,23719.0,25054.0,2477.0,18280.0,2816.0,146.0,2432.0,18013.0,4506.0,103.0,4909.0,36293.0,7322.0,249.0,1063.0,764.0,650.0,1060.0,2061.0,2546.0,2729.0,2321.0,1716.0,1545.0,1311.0,1488.0,1503.0,1083.0,562.0,1171.0,146.0,1079.0,724.0,629.0,1102.0,2257.0,2547.0,2347.0,2013.0,1501.0,1401.0,1357.0,1745.0,1743.0,1368.0,742.0,2396.0,103.0,2142.0,1488.0,1279.0,2162.0,4318.0,5093.0,5076.0,4334.0,3217.0,2946.0,2668.0,3233.0,3246.0,2451.0,1304.0,3567.0,249.0,11919.0,8203.0,2374.0,472.0,751.0,10443.0,7855.0,3447.0,2528.0,781.0,22362.0,16058.0,5821.0,3000.0,1532.0,44.0,1545.0,3718.0,5176.0,925.0,5474.0,6837.0,36.0,2092.0,3357.0,6693.0,1498.0,5331.0,6047.0,80.0,3637.0,7075.0,11869.0,2423.0,10805.0,12884.0,27956.0,779.0,51.0,81.0,54.0,1101.0,2334.0,16417.0,27821.0,123.0,12.0,779.0,51.0,81.0,54.0,15.0,459.0,642.0,207.0,2112.0,16417.0,4410.0,5978.0,289.0,3354.0,233.0,354.0,130.0,14894.0,23478.0,4410.0,36.0,289.0,3354.0,350.0,87.0,233.0,4.0,7.0,14894.0,23478.0,85.0,2695.0,14908.0,4004.0,85.0,1684.0,1011.0,2801.0,4038.0,1050.0,3071.0,3948.0,4004.0,11187.0,11452.0,22639.0,14160.0,15399.0,29559.0,2248.0,24397.0,2201.0,21785.0,1067343.0,1.61580186
14.431277800069402,50.07301059941427,1,54618631,4688731490,,,,,,,,,,,,,,,,,,,,,,,,,attraction,,,8,Praha 2,113102,3102,027,48773.0,23719.0,25054.0,2477.0,18280.0,2816.0,146.0,2432.0,18013.0,4506.0,103.0,4909.0,36293.0,7322.0,249.0,1063.0,764.0,650.0,1060.0,2061.0,2546.0,2729.0,2321.0,1716.0,1545.0,1311.0,1488.0,1503.0,1083.0,562.0,1171.0,146.0,1079.0,724.0,629.0,1102.0,2257.0,2547.0,2347.0,2013.0,1501.0,1401.0,1357.0,1745.0,1743.0,1368.0,742.0,2396.0,103.0,2142.0,1488.0,1279.0,2162.0,4318.0,5093.0,5076.0,4334.0,3217.0,2946.0,2668.0,3233.0,3246.0,2451.0,1304.0,3567.0,249.0,11919.0,8203.0,2374.0,472.0,751.0,10443.0,7855.0,3447.0,2528.0,781.0,22362.0,16058.0,5821.0,3000.0,1532.0,44.0,1545.0,3718.0,5176.0,925.0,5474.0,6837.0,36.0,2092.0,3357.0,6693.0,1498.0,5331.0,6047.0,80.0,3637.0,7075.0,11869.0,2423.0,10805.0,12884.0,27956.0,779.0,51.0,81.0,54.0,1101.0,2334.0,16417.0,27821.0,123.0,12.0,779.0,51.0,81.0,54.0,15.0,459.0,642.0,207.0,2112.0,16417.0,4410.0,5978.0,289.0,3354.0,233.0,354.0,130.0,14894.0,23478.0,4410.0,36.0,289.0,3354.0,350.0,87.0,233.0,4.0,7.0,14894.0,23478.0,85.0,2695.0,14908.0,4004.0,85.0,1684.0,1011.0,2801.0,4038.0,1050.0,3071.0,3948.0,4004.0,11187.0,11452.0,22639.0,14160.0,15399.0,29559.0,2248.0,24397.0,2201.0,21785.0,1067343.0,1.61580186
14.430553699559912,50.074477999166895,1,54618737,4391562089,,,,,,,,,,,,,,,,,,,,,,,,,attraction,,,8,Praha 2,113102,3102,027,48773.0,23719.0,25054.0,2477.0,18280.0,2816.0,146.0,2432.0,18013.0,4506.0,103.0,4909.0,36293.0,7322.0,249.0,1063.0,764.0,650.0,1060.0,2061.0,2546.0,2729.0,2321.0,1716.0,1545.0,1311.0,1488.0,1503.0,1083.0,562.0,1171.0,146.0,1079.0,724.0,629.0,1102.0,2257.0,2547.0,2347.0,2013.0,1501.0,1401.0,1357.0,1745.0,1743.0,1368.0,742.0,2396.0,103.0,2142.0,1488.0,1279.0,2162.0,4318.0,5093.0,5076.0,4334.0,3217.0,2946.0,2668.0,3233.0,3246.0,2451.0,1304.0,3567.0,249.0,11919.0,8203.0,2374.0,472.0,751.0,10443.0,7855.0,3447.0,2528.0,781.0,22362.0,16058.0,5821.0,3000.0,1532.0,44.0,1545.0,3718.0,5176.0,925.0,5474.0,6837.0,36.0,2092.0,3357.0,6693.0,1498.0,5331.0,6047.0,80.0,3637.0,7075.0,11869.0,2423.0,10805.0,12884.0,27956.0,779.0,51.0,81.0,54.0,1101.0,2334.0,16417.0,27821.0,123.0,12.0,779.0,51.0,81.0,54.0,15.0,459.0,642.0,207.0,2112.0,16417.0,4410.0,5978.0,289.0,3354.0,233.0,354.0,130.0,14894.0,23478.0,4410.0,36.0,289.0,3354.0,350.0,87.0,233.0,4.0,7.0,14894.0,23478.0,85.0,2695.0,14908.0,4004.0,85.0,1684.0,1011.0,2801.0,4038.0,1050.0,3071.0,3948.0,4004.0,11187.0,11452.0,22639.0,14160.0,15399.0,29559.0,2248.0,24397.0,2201.0,21785.0,1067343.0,1.61580186
14.419979599807824,50.07623399951257,1,54625096,5826855786,,,,,,,,,,,,,,,,,,,,,,,,,attraction,,,8,Praha 2,113102,3102,027,48773.0,23719.0,25054.0,2477.0,18280.0,2816.0,146.0,2432.0,18013.0,4506.0,103.0,4909.0,36293.0,7322.0,249.0,1063.0,764.0,650.0,1060.0,2061.0,2546.0,2729.0,2321.0,1716.0,1545.0,1311.0,1488.0,1503.0,1083.0,562.0,1171.0,146.0,1079.0,724.0,629.0,1102.0,2257.0,2547.0,2347.0,2013.0,1501.0,1401.0,1357.0,1745.0,1743.0,1368.0,742.0,2396.0,103.0,2142.0,1488.0,1279.0,2162.0,4318.0,5093.0,5076.0,4334.0,3217.0,2946.0,2668.0,3233.0,3246.0,2451.0,1304.0,3567.0,249.0,11919.0,8203.0,2374.0,472.0,751.0,10443.0,7855.0,3447.0,2528.0,781.0,22362.0,16058.0,5821.0,3000.0,1532.0,44.0,1545.0,3718.0,5176.0,925.0,5474.0,6837.0,36.0,2092.0,3357.0,6693.0,1498.0,5331.0,6047.0,80.0,3637.0,7075.0,11869.0,2423.0,10805.0,12884.0,27956.0,779.0,51.0,81.0,54.0,1101.0,2334.0,16417.0,27821.0,123.0,12.0,779.0,51.0,81.0,54.0,15.0,459.0,642.0,207.0,2112.0,16417.0,4410.0,5978.0,289.0,3354.0,233.0,354.0,130.0,14894.0,23478.0,4410.0,36.0,289.0,3354.0,350.0,87.0,233.0,4.0,7.0,14894.0,23478.0,85.0,2695.0,14908.0,4004.0,85.0,1684.0,1011.0,2801.0,4038.0,1050.0,3071.0,3948.0,4004.0,11187.0,11452.0,22639.0,14160.0,15399.0,29559.0,2248.0,24397.0,2201.0,21785.0,1067343.0,1.61580186
14.414809199764674,50.08254839952127,1,54625875,4398944589,,,,,,,,,,,,,,,,,,,,,mo-fr 09:00-17:00,,,,attraction,https://www.czechmarionettes.com/,,0,Praha 1,113101,3101,019,30559.0,15283.0,15276.0,1238.0,11776.0,1848.0,421.0,1153.0,11185.0,2746.0,192.0,2391.0,22961.0,4594.0,613.0,521.0,367.0,350.0,648.0,1140.0,1444.0,1538.0,1452.0,1223.0,1136.0,995.0,1137.0,1063.0,774.0,362.0,712.0,421.0,488.0,326.0,339.0,651.0,1170.0,1419.0,1363.0,1204.0,1018.0,1047.0,1049.0,1156.0,1108.0,824.0,493.0,1429.0,192.0,1009.0,693.0,689.0,1299.0,2310.0,2863.0,2901.0,2656.0,2241.0,2183.0,2044.0,2293.0,2171.0,1598.0,855.0,2141.0,613.0,6276.0,4748.0,1473.0,298.0,2488.0,5468.0,4375.0,1931.0,1549.0,1953.0,11744.0,9123.0,3404.0,1847.0,4441.0,26.0,779.0,1858.0,2929.0,520.0,3440.0,5731.0,23.0,1037.0,1639.0,3773.0,847.0,3342.0,4615.0,49.0,1816.0,3497.0,6702.0,1367.0,6782.0,10346.0,15455.0,429.0,31.0,48.0,42.0,576.0,1461.0,12517.0,15369.0,80.0,6.0,429.0,31.0,48.0,42.0,10.0,259.0,317.0,74.0,1377.0,12517.0,2388.0,3694.0,130.0,2114.0,120.0,216.0,51.0,7643.0,16821.0,2388.0,10.0,130.0,2114.0,213.0,26.0,120.0,3.0,15.0,7643.0,16821.0,44.0,1189.0,8153.0,2843.0,44.0,745.0,444.0,1272.0,2182.0,848.0,1653.0,2198.0,2843.0,6005.0,6050.0,12055.0,7792.0,8377.0,16169.0,2105.0,15361.0,1953.0,12170.0,625594.0,2.1373951
14.414390600113647,50.086311599594545,1,54626384,3226506714,,,,,,,,,,,,,,,,,Viniční sloup se sochou svatého Václava,,,svatý Václav,,,,,attraction,,,0,Praha 1,113101,3101,019,30559.0,15283.0,15276.0,1238.0,11776.0,1848.0,421.0,1153.0,11185.0,2746.0,192.0,2391.0,22961.0,4594.0,613.0,521.0,367.0,350.0,648.0,1140.0,1444.0,1538.0,1452.0,1223.0,1136.0,995.0,1137.0,1063.0,774.0,362.0,712.0,421.0,488.0,326.0,339.0,651.0,1170.0,1419.0,1363.0,1204.0,1018.0,1047.0,1049.0,1156.0,1108.0,824.0,493.0,1429.0,192.0,1009.0,693.0,689.0,1299.0,2310.0,2863.0,2901.0,2656.0,2241.0,2183.0,2044.0,2293.0,2171.0,1598.0,855.0,2141.0,613.0,6276.0,4748.0,1473.0,298.0,2488.0,5468.0,4375.0,1931.0,1549.0,1953.0,11744.0,9123.0,3404.0,1847.0,4441.0,26.0,779.0,1858.0,2929.0,520.0,3440.0,5731.0,23.0,1037.0,1639.0,3773.0,847.0,3342.0,4615.0,49.0,1816.0,3497.0,6702.0,1367.0,6782.0,10346.0,15455.0,429.0,31.0,48.0,42.0,576.0,1461.0,12517.0,15369.0,80.0,6.0,429.0,31.0,48.0,42.0,10.0,259.0,317.0,74.0,1377.0,12517.0,2388.0,3694.0,130.0,2114.0,120.0,216.0,51.0,7643.0,16821.0,2388.0,10.0,130.0,2114.0,213.0,26.0,120.0,3.0,15.0,7643.0,16821.0,44.0,1189.0,8153.0,2843.0,44.0,745.0,444.0,1272.0,2182.0,848.0,1653.0,2198.0,2843.0,6005.0,6050.0,12055.0,7792.0,8377.0,16169.0,2105.0,15361.0,1953.0,12170.0,625594.0,2.1373951
14.42308500028653,50.08436619947523,1,54627591,4039234202,,,,,,,,,,,,,,,,,ve vestibulu metra,,,středověký hradební můstek,,,,,attraction,,,0,Praha 1,113101,3101,019,30559.0,15283.0,15276.0,1238.0,11776.0,1848.0,421.0,1153.0,11185.0,2746.0,192.0,2391.0,22961.0,4594.0,613.0,521.0,367.0,350.0,648.0,1140.0,1444.0,1538.0,1452.0,1223.0,1136.0,995.0,1137.0,1063.0,774.0,362.0,712.0,421.0,488.0,326.0,339.0,651.0,1170.0,1419.0,1363.0,1204.0,1018.0,1047.0,1049.0,1156.0,1108.0,824.0,493.0,1429.0,192.0,1009.0,693.0,689.0,1299.0,2310.0,2863.0,2901.0,2656.0,2241.0,2183.0,2044.0,2293.0,2171.0,1598.0,855.0,2141.0,613.0,6276.0,4748.0,1473.0,298.0,2488.0,5468.0,4375.0,1931.0,1549.0,1953.0,11744.0,9123.0,3404.0,1847.0,4441.0,26.0,779.0,1858.0,2929.0,520.0,3440.0,5731.0,23.0,1037.0,1639.0,3773.0,847.0,3342.0,4615.0,49.0,1816.0,3497.0,6702.0,1367.0,6782.0,10346.0,15455.0,429.0,31.0,48.0,42.0,576.0,1461.0,12517.0,15369.0,80.0,6.0,429.0,31.0,48.0,42.0,10.0,259.0,317.0,74.0,1377.0,12517.0,2388.0,3694.0,130.0,2114.0,120.0,216.0,51.0,7643.0,16821.0,2388.0,10.0,130.0,2114.0,213.0,26.0,120.0,3.0,15.0,7643.0,16821.0,44.0,1189.0,8153.0,2843.0,44.0,745.0,444.0,1272.0,2182.0,848.0,1653.0,2198.0,2843.0,6005.0,6050.0,12055.0,7792.0,8377.0,16169.0,2105.0,15361.0,1953.0,12170.0,625594.0,2.1373951
14.422610900022294,50.08472699919298,1,54627609,3475173900,,,,,,,,,,,,,,,,,,,,Imaginarium,,,,,attraction,,,0,Praha 1,113101,3101,019,30559.0,15283.0,15276.0,1238.0,11776.0,1848.0,421.0,1153.0,11185.0,2746.0,192.0,2391.0,22961.0,4594.0,613.0,521.0,367.0,350.0,648.0,1140.0,1444.0,1538.0,1452.0,1223.0,1136.0,995.0,1137.0,1063.0,774.0,362.0,712.0,421.0,488.0,326.0,339.0,651.0,1170.0,1419.0,1363.0,1204.0,1018.0,1047.0,1049.0,1156.0,1108.0,824.0,493.0,1429.0,192.0,1009.0,693.0,689.0,1299.0,2310.0,2863.0,2901.0,2656.0,2241.0,2183.0,2044.0,2293.0,2171.0,1598.0,855.0,2141.0,613.0,6276.0,4748.0,1473.0,298.0,2488.0,5468.0,4375.0,1931.0,1549.0,1953.0,11744.0,9123.0,3404.0,1847.0,4441.0,26.0,779.0,1858.0,2929.0,520.0,3440.0,5731.0,23.0,1037.0,1639.0,3773.0,847.0,3342.0,4615.0,49.0,1816.0,3497.0,6702.0,1367.0,6782.0,10346.0,15455.0,429.0,31.0,48.0,42.0,576.0,1461.0,12517.0,15369.0,80.0,6.0,429.0,31.0,48.0,42.0,10.0,259.0,317.0,74.0,1377.0,12517.0,2388.0,3694.0,130.0,2114.0,120.0,216.0,51.0,7643.0,16821.0,2388.0,10.0,130.0,2114.0,213.0,26.0,120.0,3.0,15.0,7643.0,16821.0,44.0,1189.0,8153.0,2843.0,44.0,745.0,444.0,1272.0,2182.0,848.0,1653.0,2198.0,2843.0,6005.0,6050.0,12055.0,7792.0,8377.0,16169.0,2105.0,15361.0,1953.0,12170.0,625594.0,2.1373951
14.416515500239546,50.08679849969276,1,54630025,3902942536,,,,,,,,,,,,,,,,,,,,Barokní knihovní sál,,,,,attraction,https://www.klementinum.com/,,0,Praha 1,113101,3101,019,30559.0,15283.0,15276.0,1238.0,11776.0,1848.0,421.0,1153.0,11185.0,2746.0,192.0,2391.0,22961.0,4594.0,613.0,521.0,367.0,350.0,648.0,1140.0,1444.0,1538.0,1452.0,1223.0,1136.0,995.0,1137.0,1063.0,774.0,362.0,712.0,421.0,488.0,326.0,339.0,651.0,1170.0,1419.0,1363.0,1204.0,1018.0,1047.0,1049.0,1156.0,1108.0,824.0,493.0,1429.0,192.0,1009.0,693.0,689.0,1299.0,2310.0,2863.0,2901.0,2656.0,2241.0,2183.0,2044.0,2293.0,2171.0,1598.0,855.0,2141.0,613.0,6276.0,4748.0,1473.0,298.0,2488.0,5468.0,4375.0,1931.0,1549.0,1953.0,11744.0,9123.0,3404.0,1847.0,4441.0,26.0,779.0,1858.0,2929.0,520.0,3440.0,5731.0,23.0,1037.0,1639.0,3773.0,847.0,3342.0,4615.0,49.0,1816.0,3497.0,6702.0,1367.0,6782.0,10346.0,15455.0,429.0,31.0,48.0,42.0,576.0,1461.0,12517.0,15369.0,80.0,6.0,429.0,31.0,48.0,42.0,10.0,259.0,317.0,74.0,1377.0,12517.0,2388.0,3694.0,130.0,2114.0,120.0,216.0,51.0,7643.0,16821.0,2388.0,10.0,130.0,2114.0,213.0,26.0,120.0,3.0,15.0,7643.0,16821.0,44.0,1189.0,8153.0,2843.0,44.0,745.0,444.0,1272.0,2182.0,848.0,1653.0,2198.0,2843.0,6005.0,6050.0,12055.0,7792.0,8377.0,16169.0,2105.0,15361.0,1953.0,12170.0,625594.0,2.1373951
14.41651279990377,50.086919799295536,1,54630026,3902942537,,,,,,,,,,,,place_of_worship,,,,chapel,,,,Zrcadlová kaple,,,,,attraction,,,0,Praha 1,113101,3101,019,30559.0,15283.0,15276.0,1238.0,11776.0,1848.0,421.0,1153.0,11185.0,2746.0,192.0,2391.0,22961.0,4594.0,613.0,521.0,367.0,350.0,648.0,1140.0,1444.0,1538.0,1452.0,1223.0,1136.0,995.0,1137.0,1063.0,774.0,362.0,712.0,421.0,488.0,326.0,339.0,651.0,1170.0,1419.0,1363.0,1204.0,1018.0,1047.0,1049.0,1156.0,1108.0,824.0,493.0,1429.0,192.0,1009.0,693.0,689.0,1299.0,2310.0,2863.0,2901.0,2656.0,2241.0,2183.0,2044.0,2293.0,2171.0,1598.0,855.0,2141.0,613.0,6276.0,4748.0,1473.0,298.0,2488.0,5468.0,4375.0,1931.0,1549.0,1953.0,11744.0,9123.0,3404.0,1847.0,4441.0,26.0,779.0,1858.0,2929.0,520.0,3440.0,5731.0,23.0,1037.0,1639.0,3773.0,847.0,3342.0,4615.0,49.0,1816.0,3497.0,6702.0,1367.0,6782.0,10346.0,15455.0,429.0,31.0,48.0,42.0,576.0,1461.0,12517.0,15369.0,80.0,6.0,429.0,31.0,48.0,42.0,10.0,259.0,317.0,74.0,1377.0,12517.0,2388.0,3694.0,130.0,2114.0,120.0,216.0,51.0,7643.0,16821.0,2388.0,10.0,130.0,2114.0,213.0,26.0,120.0,3.0,15.0,7643.0,16821.0,44.0,1189.0,8153.0,2843.0,44.0,745.0,444.0,1272.0,2182.0,848.0,1653.0,2198.0,2843.0,6005.0,6050.0,12055.0,7792.0,8377.0,16169.0,2105.0,15361.0,1953.0,12170.0,625594.0,2.1373951
14.420713800076049,50.086980199408984,1,54630626,4748580936,,,,,,,,,,,,clock,,,,,,,,Staroměstský orloj,Mo 11:00-22:00; Tu-Su 09:00-22:00,,,,attraction,,,0,Praha 1,113101,3101,019,30559.0,15283.0,15276.0,1238.0,11776.0,1848.0,421.0,1153.0,11185.0,2746.0,192.0,2391.0,22961.0,4594.0,613.0,521.0,367.0,350.0,648.0,1140.0,1444.0,1538.0,1452.0,1223.0,1136.0,995.0,1137.0,1063.0,774.0,362.0,712.0,421.0,488.0,326.0,339.0,651.0,1170.0,1419.0,1363.0,1204.0,1018.0,1047.0,1049.0,1156.0,1108.0,824.0,493.0,1429.0,192.0,1009.0,693.0,689.0,1299.0,2310.0,2863.0,2901.0,2656.0,2241.0,2183.0,2044.0,2293.0,2171.0,1598.0,855.0,2141.0,613.0,6276.0,4748.0,1473.0,298.0,2488.0,5468.0,4375.0,1931.0,1549.0,1953.0,11744.0,9123.0,3404.0,1847.0,4441.0,26.0,779.0,1858.0,2929.0,520.0,3440.0,5731.0,23.0,1037.0,1639.0,3773.0,847.0,3342.0,4615.0,49.0,1816.0,3497.0,6702.0,1367.0,6782.0,10346.0,15455.0,429.0,31.0,48.0,42.0,576.0,1461.0,12517.0,15369.0,80.0,6.0,429.0,31.0,48.0,42.0,10.0,259.0,317.0,74.0,1377.0,12517.0,2388.0,3694.0,130.0,2114.0,120.0,216.0,51.0,7643.0,16821.0,2388.0,10.0,130.0,2114.0,213.0,26.0,120.0,3.0,15.0,7643.0,16821.0,44.0,1189.0,8153.0,2843.0,44.0,745.0,444.0,1272.0,2182.0,848.0,1653.0,2198.0,2843.0,6005.0,6050.0,12055.0,7792.0,8377.0,16169.0,2105.0,15361.0,1953.0,12170.0,625594.0,2.1373951
14.420706699792058,50.086993899397385,1,54630627,6620430921,,,,,,,,,,,,,,,,,,,,Staroměstský orloj,,,,,attraction,,,0,Praha 1,113101,3101,019,30559.0,15283.0,15276.0,1238.0,11776.0,1848.0,421.0,1153.0,11185.0,2746.0,192.0,2391.0,22961.0,4594.0,613.0,521.0,367.0,350.0,648.0,1140.0,1444.0,1538.0,1452.0,1223.0,1136.0,995.0,1137.0,1063.0,774.0,362.0,712.0,421.0,488.0,326.0,339.0,651.0,1170.0,1419.0,1363.0,1204.0,1018.0,1047.0,1049.0,1156.0,1108.0,824.0,493.0,1429.0,192.0,1009.0,693.0,689.0,1299.0,2310.0,2863.0,2901.0,2656.0,2241.0,2183.0,2044.0,2293.0,2171.0,1598.0,855.0,2141.0,613.0,6276.0,4748.0,1473.0,298.0,2488.0,5468.0,4375.0,1931.0,1549.0,1953.0,11744.0,9123.0,3404.0,1847.0,4441.0,26.0,779.0,1858.0,2929.0,520.0,3440.0,5731.0,23.0,1037.0,1639.0,3773.0,847.0,3342.0,4615.0,49.0,1816.0,3497.0,6702.0,1367.0,6782.0,10346.0,15455.0,429.0,31.0,48.0,42.0,576.0,1461.0,12517.0,15369.0,80.0,6.0,429.0,31.0,48.0,42.0,10.0,259.0,317.0,74.0,1377.0,12517.0,2388.0,3694.0,130.0,2114.0,120.0,216.0,51.0,7643.0,16821.0,2388.0,10.0,130.0,2114.0,213.0,26.0,120.0,3.0,15.0,7643.0,16821.0,44.0,1189.0,8153.0,2843.0,44.0,745.0,444.0,1272.0,2182.0,848.0,1653.0,2198.0,2843.0,6005.0,6050.0,12055.0,7792.0,8377.0,16169.0,2105.0,15361.0,1953.0,12170.0,625594.0,2.1373951
14.420678700202961,50.08727789963859,1,54630632,6457014385,,,,,,,,,,,,,,,,,,,,,,,,,attraction,,,0,Praha 1,113101,3101,019,30559.0,15283.0,15276.0,1238.0,11776.0,1848.0,421.0,1153.0,11185.0,2746.0,192.0,2391.0,22961.0,4594.0,613.0,521.0,367.0,350.0,648.0,1140.0,1444.0,1538.0,1452.0,1223.0,1136.0,995.0,1137.0,1063.0,774.0,362.0,712.0,421.0,488.0,326.0,339.0,651.0,1170.0,1419.0,1363.0,1204.0,1018.0,1047.0,1049.0,1156.0,1108.0,824.0,493.0,1429.0,192.0,1009.0,693.0,689.0,1299.0,2310.0,2863.0,2901.0,2656.0,2241.0,2183.0,2044.0,2293.0,2171.0,1598.0,855.0,2141.0,613.0,6276.0,4748.0,1473.0,298.0,2488.0,5468.0,4375.0,1931.0,1549.0,1953.0,11744.0,9123.0,3404.0,1847.0,4441.0,26.0,779.0,1858.0,2929.0,520.0,3440.0,5731.0,23.0,1037.0,1639.0,3773.0,847.0,3342.0,4615.0,49.0,1816.0,3497.0,6702.0,1367.0,6782.0,10346.0,15455.0,429.0,31.0,48.0,42.0,576.0,1461.0,12517.0,15369.0,80.0,6.0,429.0,31.0,48.0,42.0,10.0,259.0,317.0,74.0,1377.0,12517.0,2388.0,3694.0,130.0,2114.0,120.0,216.0,51.0,7643.0,16821.0,2388.0,10.0,130.0,2114.0,213.0,26.0,120.0,3.0,15.0,7643.0,16821.0,44.0,1189.0,8153.0,2843.0,44.0,745.0,444.0,1272.0,2182.0,848.0,1653.0,2198.0,2843.0,6005.0,6050.0,12055.0,7792.0,8377.0,16169.0,2105.0,15361.0,1953.0,12170.0,625594.0,2.1373951
14.422057299753734,50.087092999264385,1,54630694,6457014386,,,,,,,,,,,,,,,,,,,,,,,,,attraction,,,0,Praha 1,113101,3101,019,30559.0,15283.0,15276.0,1238.0,11776.0,1848.0,421.0,1153.0,11185.0,2746.0,192.0,2391.0,22961.0,4594.0,613.0,521.0,367.0,350.0,648.0,1140.0,1444.0,1538.0,1452.0,1223.0,1136.0,995.0,1137.0,1063.0,774.0,362.0,712.0,421.0,488.0,326.0,339.0,651.0,1170.0,1419.0,1363.0,1204.0,1018.0,1047.0,1049.0,1156.0,1108.0,824.0,493.0,1429.0,192.0,1009.0,693.0,689.0,1299.0,2310.0,2863.0,2901.0,2656.0,2241.0,2183.0,2044.0,2293.0,2171.0,1598.0,855.0,2141.0,613.0,6276.0,4748.0,1473.0,298.0,2488.0,5468.0,4375.0,1931.0,1549.0,1953.0,11744.0,9123.0,3404.0,1847.0,4441.0,26.0,779.0,1858.0,2929.0,520.0,3440.0,5731.0,23.0,1037.0,1639.0,3773.0,847.0,3342.0,4615.0,49.0,1816.0,3497.0,6702.0,1367.0,6782.0,10346.0,15455.0,429.0,31.0,48.0,42.0,576.0,1461.0,12517.0,15369.0,80.0,6.0,429.0,31.0,48.0,42.0,10.0,259.0,317.0,74.0,1377.0,12517.0,2388.0,3694.0,130.0,2114.0,120.0,216.0,51.0,7643.0,16821.0,2388.0,10.0,130.0,2114.0,213.0,26.0,120.0,3.0,15.0,7643.0,16821.0,44.0,1189.0,8153.0,2843.0,44.0,745.0,444.0,1272.0,2182.0,848.0,1653.0,2198.0,2843.0,6005.0,6050.0,12055.0,7792.0,8377.0,16169.0,2105.0,15361.0,1953.0,12170.0,625594.0,2.1373951
14.424622899883289,50.0882743996056,1,54631051,4563618490,,,,,,,,,,,,,,,,,,,,Zlodějova ruka,,,,,attraction,,,0,Praha 1,113101,3101,019,30559.0,15283.0,15276.0,1238.0,11776.0,1848.0,421.0,1153.0,11185.0,2746.0,192.0,2391.0,22961.0,4594.0,613.0,521.0,367.0,350.0,648.0,1140.0,1444.0,1538.0,1452.0,1223.0,1136.0,995.0,1137.0,1063.0,774.0,362.0,712.0,421.0,488.0,326.0,339.0,651.0,1170.0,1419.0,1363.0,1204.0,1018.0,1047.0,1049.0,1156.0,1108.0,824.0,493.0,1429.0,192.0,1009.0,693.0,689.0,1299.0,2310.0,2863.0,2901.0,2656.0,2241.0,2183.0,2044.0,2293.0,2171.0,1598.0,855.0,2141.0,613.0,6276.0,4748.0,1473.0,298.0,2488.0,5468.0,4375.0,1931.0,1549.0,1953.0,11744.0,9123.0,3404.0,1847.0,4441.0,26.0,779.0,1858.0,2929.0,520.0,3440.0,5731.0,23.0,1037.0,1639.0,3773.0,847.0,3342.0,4615.0,49.0,1816.0,3497.0,6702.0,1367.0,6782.0,10346.0,15455.0,429.0,31.0,48.0,42.0,576.0,1461.0,12517.0,15369.0,80.0,6.0,429.0,31.0,48.0,42.0,10.0,259.0,317.0,74.0,1377.0,12517.0,2388.0,3694.0,130.0,2114.0,120.0,216.0,51.0,7643.0,16821.0,2388.0,10.0,130.0,2114.0,213.0,26.0,120.0,3.0,15.0,7643.0,16821.0,44.0,1189.0,8153.0,2843.0,44.0,745.0,444.0,1272.0,2182.0,848.0,1653.0,2198.0,2843.0,6005.0,6050.0,12055.0,7792.0,8377.0,16169.0,2105.0,15361.0,1953.0,12170.0,625594.0,2.1373951
14.424973600373573,50.08837099944034,1,54631057,4563586892,,,,,,,,,,,,,,,,,,,,Jan Václav Vratislav z Mitrovic,,,,,attraction,,,0,Praha 1,113101,3101,019,30559.0,15283.0,15276.0,1238.0,11776.0,1848.0,421.0,1153.0,11185.0,2746.0,192.0,2391.0,22961.0,4594.0,613.0,521.0,367.0,350.0,648.0,1140.0,1444.0,1538.0,1452.0,1223.0,1136.0,995.0,1137.0,1063.0,774.0,362.0,712.0,421.0,488.0,326.0,339.0,651.0,1170.0,1419.0,1363.0,1204.0,1018.0,1047.0,1049.0,1156.0,1108.0,824.0,493.0,1429.0,192.0,1009.0,693.0,689.0,1299.0,2310.0,2863.0,2901.0,2656.0,2241.0,2183.0,2044.0,2293.0,2171.0,1598.0,855.0,2141.0,613.0,6276.0,4748.0,1473.0,298.0,2488.0,5468.0,4375.0,1931.0,1549.0,1953.0,11744.0,9123.0,3404.0,1847.0,4441.0,26.0,779.0,1858.0,2929.0,520.0,3440.0,5731.0,23.0,1037.0,1639.0,3773.0,847.0,3342.0,4615.0,49.0,1816.0,3497.0,6702.0,1367.0,6782.0,10346.0,15455.0,429.0,31.0,48.0,42.0,576.0,1461.0,12517.0,15369.0,80.0,6.0,429.0,31.0,48.0,42.0,10.0,259.0,317.0,74.0,1377.0,12517.0,2388.0,3694.0,130.0,2114.0,120.0,216.0,51.0,7643.0,16821.0,2388.0,10.0,130.0,2114.0,213.0,26.0,120.0,3.0,15.0,7643.0,16821.0,44.0,1189.0,8153.0,2843.0,44.0,745.0,444.0,1272.0,2182.0,848.0,1653.0,2198.0,2843.0,6005.0,6050.0,12055.0,7792.0,8377.0,16169.0,2105.0,15361.0,1953.0,12170.0,625594.0,2.1373951
14.425405099832087,50.09343019968321,1,54633241,4787465553,,,,,,,,,,,,,,,,,,,,,,Classic river,,,attraction,hopon-hopoff.cz,,0,Praha 1,113101,3101,019,30559.0,15283.0,15276.0,1238.0,11776.0,1848.0,421.0,1153.0,11185.0,2746.0,192.0,2391.0,22961.0,4594.0,613.0,521.0,367.0,350.0,648.0,1140.0,1444.0,1538.0,1452.0,1223.0,1136.0,995.0,1137.0,1063.0,774.0,362.0,712.0,421.0,488.0,326.0,339.0,651.0,1170.0,1419.0,1363.0,1204.0,1018.0,1047.0,1049.0,1156.0,1108.0,824.0,493.0,1429.0,192.0,1009.0,693.0,689.0,1299.0,2310.0,2863.0,2901.0,2656.0,2241.0,2183.0,2044.0,2293.0,2171.0,1598.0,855.0,2141.0,613.0,6276.0,4748.0,1473.0,298.0,2488.0,5468.0,4375.0,1931.0,1549.0,1953.0,11744.0,9123.0,3404.0,1847.0,4441.0,26.0,779.0,1858.0,2929.0,520.0,3440.0,5731.0,23.0,1037.0,1639.0,3773.0,847.0,3342.0,4615.0,49.0,1816.0,3497.0,6702.0,1367.0,6782.0,10346.0,15455.0,429.0,31.0,48.0,42.0,576.0,1461.0,12517.0,15369.0,80.0,6.0,429.0,31.0,48.0,42.0,10.0,259.0,317.0,74.0,1377.0,12517.0,2388.0,3694.0,130.0,2114.0,120.0,216.0,51.0,7643.0,16821.0,2388.0,10.0,130.0,2114.0,213.0,26.0,120.0,3.0,15.0,7643.0,16821.0,44.0,1189.0,8153.0,2843.0,44.0,745.0,444.0,1272.0,2182.0,848.0,1653.0,2198.0,2843.0,6005.0,6050.0,12055.0,7792.0,8377.0,16169.0,2105.0,15361.0,1953.0,12170.0,625594.0,2.1373951
14.452934700247642,50.09082969945336,1,54639174,5027320561,,,,,,,,,,,,,,,,,,,,,,,,,attraction,,,0,Praha 8,113108,3108,086,113665.0,54616.0,59049.0,7209.0,39096.0,8055.0,256.0,6852.0,40440.0,11528.0,229.0,14061.0,79536.0,19583.0,485.0,3206.0,2202.0,1801.0,2406.0,3276.0,4612.0,5790.0,5590.0,3886.0,3225.0,2798.0,3309.0,4204.0,3529.0,1857.0,2669.0,256.0,3013.0,2098.0,1741.0,2196.0,3455.0,4555.0,5676.0,5355.0,3510.0,3143.0,2843.0,4424.0,5283.0,4291.0,2208.0,5029.0,229.0,6219.0,4300.0,3542.0,4602.0,6731.0,9167.0,11466.0,10945.0,7396.0,6368.0,5641.0,7733.0,9487.0,7820.0,4065.0,7698.0,485.0,24665.0,22956.0,5197.0,1330.0,468.0,21467.0,22599.0,8230.0,6489.0,264.0,46132.0,45555.0,13427.0,7819.0,732.0,117.0,4127.0,11974.0,12376.0,1979.0,11579.0,12464.0,127.0,6406.0,10455.0,17160.0,3488.0,10648.0,10765.0,244.0,10533.0,22429.0,29536.0,5467.0,22227.0,23229.0,76704.0,2111.0,140.0,122.0,153.0,2608.0,2904.0,28923.0,76333.0,356.0,15.0,2111.0,140.0,122.0,153.0,48.0,662.0,1946.0,244.0,2612.0,28923.0,8707.0,12153.0,559.0,7179.0,568.0,651.0,191.0,43533.0,49253.0,8707.0,37.0,559.0,7179.0,645.0,123.0,568.0,6.0,31.0,43533.0,49253.0,195.0,8029.0,36366.0,8485.0,195.0,4763.0,3266.0,6712.0,10878.0,3575.0,6906.0,8295.0,8485.0,28845.0,30016.0,58861.0,36788.0,41250.0,78038.0,8348.0,53582.0,7841.0,49583.0,2362642.0,14.51058892
14.564023499808945,50.08690269921139,1,54673050,5188464921,,,,,,,,,,,,bicycle_parking,,,,,,,,,,,,,attraction,,,24,Praha 9,113109,3109,094,178508.0,88527.0,89981.0,12996.0,65613.0,9592.0,326.0,12362.0,64072.0,13285.0,262.0,25358.0,129685.0,22877.0,588.0,5762.0,3876.0,3358.0,4254.0,5776.0,7901.0,10436.0,9545.0,6761.0,6090.0,4893.0,5109.0,4848.0,3957.0,2272.0,3363.0,326.0,5498.0,3748.0,3116.0,4068.0,5523.0,7873.0,9853.0,8699.0,6459.0,5724.0,4744.0,5431.0,5698.0,4814.0,2835.0,5636.0,262.0,11260.0,7624.0,6474.0,8322.0,11299.0,15774.0,20289.0,18244.0,13220.0,11814.0,9637.0,10540.0,10546.0,8771.0,5107.0,8999.0,588.0,41492.0,37216.0,7790.0,1610.0,419.0,35115.0,35494.0,11252.0,7873.0,247.0,76607.0,72710.0,19042.0,9483.0,666.0,197.0,7411.0,19042.0,19967.0,2813.0,15701.0,23396.0,158.0,10357.0,15270.0,25631.0,4702.0,14885.0,18978.0,355.0,17768.0,34312.0,45598.0,7515.0,30586.0,42374.0,114051.0,3492.0,214.0,134.0,283.0,5370.0,4925.0,50039.0,113492.0,513.0,46.0,3492.0,214.0,134.0,283.0,54.0,1142.0,4228.0,546.0,4325.0,50039.0,12606.0,17841.0,668.0,9824.0,1223.0,741.0,455.0,68280.0,79763.0,12606.0,83.0,668.0,9824.0,727.0,328.0,1223.0,14.0,44.0,68280.0,79763.0,318.0,15011.0,56730.0,12056.0,318.0,9638.0,5373.0,10947.0,19195.0,5841.0,8881.0,11866.0,12056.0,44261.0,44567.0,88828.0,59494.0,63641.0,123135.0,17968.0,76034.0,16558.0,70556.0,3592444.0,41.59285584
14.421526900274008,50.10778839959768,1,54712611,6404202585,,,,,,,,,,,,,,,,,,,,,,,,,attraction,,,3,Praha 7,113107,3107,078,42666.0,20780.0,21886.0,2454.0,15880.0,2347.0,99.0,2417.0,15403.0,3973.0,93.0,4871.0,31283.0,6320.0,192.0,1131.0,694.0,629.0,795.0,1446.0,2251.0,2646.0,2145.0,1543.0,1382.0,1162.0,1269.0,1241.0,932.0,478.0,937.0,99.0,1139.0,686.0,592.0,767.0,1509.0,2336.0,2365.0,1906.0,1323.0,1237.0,1112.0,1416.0,1432.0,1173.0,715.0,2085.0,93.0,2270.0,1380.0,1221.0,1562.0,2955.0,4587.0,5011.0,4051.0,2866.0,2619.0,2274.0,2685.0,2673.0,2105.0,1193.0,3022.0,192.0,10469.0,7445.0,2308.0,407.0,151.0,9211.0,7044.0,3183.0,2354.0,94.0,19680.0,14489.0,5491.0,2761.0,245.0,47.0,1513.0,3738.0,4594.0,788.0,4805.0,5295.0,44.0,2007.0,3204.0,6145.0,1272.0,4805.0,4409.0,91.0,3520.0,6942.0,10739.0,2060.0,9610.0,9704.0,26419.0,783.0,48.0,65.0,55.0,1055.0,1767.0,12474.0,26285.0,124.0,10.0,783.0,48.0,65.0,55.0,28.0,341.0,714.0,227.0,1512.0,12474.0,3663.0,4815.0,235.0,2630.0,230.0,259.0,92.0,14860.0,19315.0,3663.0,27.0,235.0,2630.0,255.0,48.0,230.0,4.0,17.0,14860.0,19315.0,71.0,2589.0,13757.0,3799.0,71.0,1601.0,988.0,2594.0,3998.0,1113.0,2436.0,3616.0,3799.0,10338.0,10742.0,21080.0,12961.0,14040.0,27001.0,1800.0,21264.0,1701.0,19473.0,917111.0,4.04113063
14.425083200228112,50.10129619919032,1,54712997,6573044085,,,,,,,,,,,,,,,,,,,,Kompostér,,,,,attraction,,,3,Praha 7,113107,3107,078,42666.0,20780.0,21886.0,2454.0,15880.0,2347.0,99.0,2417.0,15403.0,3973.0,93.0,4871.0,31283.0,6320.0,192.0,1131.0,694.0,629.0,795.0,1446.0,2251.0,2646.0,2145.0,1543.0,1382.0,1162.0,1269.0,1241.0,932.0,478.0,937.0,99.0,1139.0,686.0,592.0,767.0,1509.0,2336.0,2365.0,1906.0,1323.0,1237.0,1112.0,1416.0,1432.0,1173.0,715.0,2085.0,93.0,2270.0,1380.0,1221.0,1562.0,2955.0,4587.0,5011.0,4051.0,2866.0,2619.0,2274.0,2685.0,2673.0,2105.0,1193.0,3022.0,192.0,10469.0,7445.0,2308.0,407.0,151.0,9211.0,7044.0,3183.0,2354.0,94.0,19680.0,14489.0,5491.0,2761.0,245.0,47.0,1513.0,3738.0,4594.0,788.0,4805.0,5295.0,44.0,2007.0,3204.0,6145.0,1272.0,4805.0,4409.0,91.0,3520.0,6942.0,10739.0,2060.0,9610.0,9704.0,26419.0,783.0,48.0,65.0,55.0,1055.0,1767.0,12474.0,26285.0,124.0,10.0,783.0,48.0,65.0,55.0,28.0,341.0,714.0,227.0,1512.0,12474.0,3663.0,4815.0,235.0,2630.0,230.0,259.0,92.0,14860.0,19315.0,3663.0,27.0,235.0,2630.0,255.0,48.0,230.0,4.0,17.0,14860.0,19315.0,71.0,2589.0,13757.0,3799.0,71.0,1601.0,988.0,2594.0,3998.0,1113.0,2436.0,3616.0,3799.0,10338.0,10742.0,21080.0,12961.0,14040.0,27001.0,1800.0,21264.0,1701.0,19473.0,917111.0,4.04113063
14.574322600099713,50.10521299958049,1,54747845,5257015723,,,,,,,,,,,,clock,,,,,,,,hodiny sloup,,,,,attraction,,,24,Praha 9,113109,3109,094,178508.0,88527.0,89981.0,12996.0,65613.0,9592.0,326.0,12362.0,64072.0,13285.0,262.0,25358.0,129685.0,22877.0,588.0,5762.0,3876.0,3358.0,4254.0,5776.0,7901.0,10436.0,9545.0,6761.0,6090.0,4893.0,5109.0,4848.0,3957.0,2272.0,3363.0,326.0,5498.0,3748.0,3116.0,4068.0,5523.0,7873.0,9853.0,8699.0,6459.0,5724.0,4744.0,5431.0,5698.0,4814.0,2835.0,5636.0,262.0,11260.0,7624.0,6474.0,8322.0,11299.0,15774.0,20289.0,18244.0,13220.0,11814.0,9637.0,10540.0,10546.0,8771.0,5107.0,8999.0,588.0,41492.0,37216.0,7790.0,1610.0,419.0,35115.0,35494.0,11252.0,7873.0,247.0,76607.0,72710.0,19042.0,9483.0,666.0,197.0,7411.0,19042.0,19967.0,2813.0,15701.0,23396.0,158.0,10357.0,15270.0,25631.0,4702.0,14885.0,18978.0,355.0,17768.0,34312.0,45598.0,7515.0,30586.0,42374.0,114051.0,3492.0,214.0,134.0,283.0,5370.0,4925.0,50039.0,113492.0,513.0,46.0,3492.0,214.0,134.0,283.0,54.0,1142.0,4228.0,546.0,4325.0,50039.0,12606.0,17841.0,668.0,9824.0,1223.0,741.0,455.0,68280.0,79763.0,12606.0,83.0,668.0,9824.0,727.0,328.0,1223.0,14.0,44.0,68280.0,79763.0,318.0,15011.0,56730.0,12056.0,318.0,9638.0,5373.0,10947.0,19195.0,5841.0,8881.0,11866.0,12056.0,44261.0,44567.0,88828.0,59494.0,63641.0,123135.0,17968.0,76034.0,16558.0,70556.0,3592444.0,41.59285584
14.403031699789997,50.08844310020083,1,79548137,7985261095,,,,,,,,,,,,,,,,,,,,Svatováclavská rotunda,,,,,attraction,http://www.nase-rotunda.cz/,,0,Praha 1,113101,3101,019,30559.0,15283.0,15276.0,1238.0,11776.0,1848.0,421.0,1153.0,11185.0,2746.0,192.0,2391.0,22961.0,4594.0,613.0,521.0,367.0,350.0,648.0,1140.0,1444.0,1538.0,1452.0,1223.0,1136.0,995.0,1137.0,1063.0,774.0,362.0,712.0,421.0,488.0,326.0,339.0,651.0,1170.0,1419.0,1363.0,1204.0,1018.0,1047.0,1049.0,1156.0,1108.0,824.0,493.0,1429.0,192.0,1009.0,693.0,689.0,1299.0,2310.0,2863.0,2901.0,2656.0,2241.0,2183.0,2044.0,2293.0,2171.0,1598.0,855.0,2141.0,613.0,6276.0,4748.0,1473.0,298.0,2488.0,5468.0,4375.0,1931.0,1549.0,1953.0,11744.0,9123.0,3404.0,1847.0,4441.0,26.0,779.0,1858.0,2929.0,520.0,3440.0,5731.0,23.0,1037.0,1639.0,3773.0,847.0,3342.0,4615.0,49.0,1816.0,3497.0,6702.0,1367.0,6782.0,10346.0,15455.0,429.0,31.0,48.0,42.0,576.0,1461.0,12517.0,15369.0,80.0,6.0,429.0,31.0,48.0,42.0,10.0,259.0,317.0,74.0,1377.0,12517.0,2388.0,3694.0,130.0,2114.0,120.0,216.0,51.0,7643.0,16821.0,2388.0,10.0,130.0,2114.0,213.0,26.0,120.0,3.0,15.0,7643.0,16821.0,44.0,1189.0,8153.0,2843.0,44.0,745.0,444.0,1272.0,2182.0,848.0,1653.0,2198.0,2843.0,6005.0,6050.0,12055.0,7792.0,8377.0,16169.0,2105.0,15361.0,1953.0,12170.0,625594.0,2.1373951
